assay	trim	model	mean_pearson	sd_pearson	mean_spearman	mean_ceiling	mean_pearson_over_ceiling	n_splits
HSS	171	cnn_mean_ens	0.6767445562937778	0.0577405598058025	0.47171082976762513	0.9548127460666539	0.7087720174260592	5
HSS	185	cnn_mean_ens	0.6745522878308652	0.06375059922617307	0.4639645901732127	0.9548127460666539	0.7064759981574186	5
ORI	171	cnn_mean_ens	0.7299732015166642	0.041531520410404574	0.5439032682290963	0.9935749393233643	0.7346936528147381	5
ORI	185	cnn_mean_ens	0.734793748842883	0.038699872390335385	0.5423658724772744	0.9935749393233643	0.7395453727358359	5
pGL4	171	cnn_mean_ens	0.706253976411322	0.03636916610105613	0.5155698121541904	0.9938114885299644	0.7106518535582694	5
pGL4	185	cnn_mean_ens	0.7114441574125652	0.03316683119876159	0.5329184714681883	0.9938114885299644	0.7158743540637933	5
