dataset	design	trim	best_model_R	pearson_R	ci95_lo	ci95_hi	ceiling_R	pearson_over_ceiling_R
GSE83894	GSE83894		cnn_wt_mt_delta3head_ens	0.4742212477493053	0.4104919447049896	0.5292716335526623	0.8575475799301007	0.5529970101343641
3p3p_trim171	3p3p	171.0	cnn3head_kmer_fused_ens	0.3342087316999559	0.2706737375797611	0.3927317917469222	0.4689164039481011	0.7127256135337624
3p3p_trim185	3p3p	185.0	cnn_kmer_fused_ens	0.3404092136128057	0.2778707491498619	0.4033333038523328	0.4689164039481011	0.72594861418088
5p3p_trim171	5p3p	171.0	cnn_delta_ens	0.3361569972540449	0.2898141200133987	0.4019526710880439	0.7648646852390932	0.4394986508613138
5p3p_trim185	5p3p	185.0	cnn_wt_mt_delta3head_ens	0.3399755927433915	0.2873758077963762	0.4025862399326563	0.7648646852390932	0.4444911620375265
5p5p_trim171	5p5p	171.0	cnn_wt_mt_delta3head_ens	0.3507853953986825	0.2920965996543848	0.4038365334731214	0.8860935461273782	0.395878512976164
5p5p_trim185	5p5p	185.0	cnn_delta_ens	0.352736539787805	0.2999245819564381	0.408003841181526	0.8860935461273782	0.3980804750575378
