n_runs	mean_val_best_pearson	sd_val_best_pearson	mean_source_test_pearson	sd_source_test_pearson	mean_source_test_spearman	sd_source_test_spearman	mean_target_test_pearson	sd_target_test_pearson	mean_target_test_spearman	sd_target_test_spearman	median_target_test_pearson	median_target_test_spearman	n_target_test_unique
25	0.6113296029191874	0.04800561528735123	0.5990582536271442	0.02848195859083307	0.45655181756977226	0.04262866473040477	0.009856673419087043	0.0035034465102040807	0.010381885649653193	0.00480630603577591	0.0103815172219294	0.0109973210943456	1
